﻿<?xml version="1.0" encoding="utf-8"?>
<DatabaseNET>
  <ConnectionProfileList2>
  </ConnectionProfileList2>
  <Settings Language="chinese_s.xml" ResultsFont="Segoe UI" ResultsFontSize="8.25" DefaultFont="Segoe UI" DefaultFontSize="8.25" Maximize="True" txtSQLHeight="205" pnlControlLeftWidth="280" ToolStrip1Left="3" ToolStrip1Top="0" ToolStrip2Left="183" ToolStrip2Top="0" ToolStrip3Left="579" ToolStrip3Top="0" ToolStrip4Left="748" ToolStrip4Top="0">
    <Additional2FB DatabaseEngine="Default">
    </Additional2FB>
    <Additional2OLEDB>
    </Additional2OLEDB>
    <Additional2SQLCE>
    </Additional2SQLCE>
    <Additional2SQLITE>
    </Additional2SQLITE>
    <Additional2Sybase>
    </Additional2Sybase>
  </Settings>
  <License LicenseCode="" />
  <mru type="Access" value="D:\MOI\ManualObservationInput\SourceDB\AwsMonthSource.accdb" v="2" l="0" e="" d="2013/8/8" />
  <mru type="SQLite" value="C:\Users\HYUser\Documents\Tencent Files\595103258\FileRecv\test.db" v="2" l="0" e="" d="2013/8/30" />
</DatabaseNET>